{
	"credit": "momirealms",
	"texture_size": [64, 32],
	"textures": {
		"0": "customfishing:item/util/animated_splash",
		"particle": "customfishing:item/util/animated_splash"
	},
	"elements": [
		{
			"from": [1.75, 0, 2],
			"to": [13.75, 0, 14],
			"faces": {
				"north": {"uv": [0, 0, 0, 0], "texture": "#0"},
				"east": {"uv": [0, 0, 0, 0], "texture": "#0"},
				"south": {"uv": [0, 0, 0, 0], "texture": "#0"},
				"west": {"uv": [0, 0, 0, 0], "texture": "#0"},
				"up": {"uv": [6, 0, 9, 6], "texture": "#0"},
				"down": {"uv": [6, 0, 9, 6], "texture": "#0"}
			}
		},
		{
			"from": [4.25, 0, 4.5],
			"to": [11.25, 0, 11.5],
			"faces": {
				"north": {"uv": [0, 0, 0, 0], "texture": "#0"},
				"east": {"uv": [0, 0, 0, 0], "texture": "#0"},
				"south": {"uv": [0, 0, 0, 0], "texture": "#0"},
				"west": {"uv": [0, 0, 0, 0], "texture": "#0"},
				"up": {"uv": [6, 0, 9, 6], "texture": "#0"},
				"down": {"uv": [6, 0, 9, 6], "texture": "#0"}
			}
		},
		{
			"from": [13.75, 0, 2],
			"to": [13.75, 6, 14],
			"faces": {
				"north": {"uv": [0, 0, 0, 0], "texture": "#0"},
				"east": {"uv": [0, 8.75, 3, 14], "texture": "#0"},
				"south": {"uv": [0, 0, 0, 0], "texture": "#0"},
				"west": {"uv": [0, 8.75, 3, 14], "texture": "#0"},
				"up": {"uv": [0, 0, 0, 0], "texture": "#0"},
				"down": {"uv": [0, 0, 0, 0], "texture": "#0"}
			}
		},
		{
			"from": [1.75, 0, 2],
			"to": [1.75, 6, 14],
			"faces": {
				"north": {"uv": [0, 0, 0, 0], "texture": "#0"},
				"east": {"uv": [0, 8.75, 3, 14], "texture": "#0"},
				"south": {"uv": [0, 0, 0, 0], "texture": "#0"},
				"west": {"uv": [0, 8.75, 3, 14], "texture": "#0"},
				"up": {"uv": [0, 0, 0, 0], "texture": "#0"},
				"down": {"uv": [0, 0, 0, 0], "texture": "#0"}
			}
		},
		{
			"from": [1.75, 0, 2],
			"to": [13.75, 6, 2],
			"faces": {
				"north": {"uv": [0, 8.75, 3, 14], "texture": "#0"},
				"east": {"uv": [0, 0, 0, 0], "texture": "#0"},
				"south": {"uv": [0, 8.75, 3, 14], "texture": "#0"},
				"west": {"uv": [0, 0, 0, 0], "texture": "#0"},
				"up": {"uv": [0, 0, 0, 0], "texture": "#0"},
				"down": {"uv": [0, 0, 0, 0], "texture": "#0"}
			}
		},
		{
			"from": [1.75, 0, 14],
			"to": [13.75, 6, 14],
			"faces": {
				"north": {"uv": [0, 8.75, 3, 14], "texture": "#0"},
				"east": {"uv": [0, 0, 0, 0], "texture": "#0"},
				"south": {"uv": [0, 8.75, 3, 14], "texture": "#0"},
				"west": {"uv": [0, 0, 0, 0], "texture": "#0"},
				"up": {"uv": [0, 0, 0, 0], "texture": "#0"},
				"down": {"uv": [0, 0, 0, 0], "texture": "#0"}
			}
		},
		{
			"from": [4.25, 0, 4.5],
			"to": [4.25, 17, 11.5],
			"faces": {
				"north": {"uv": [0, 0, 0, 14], "texture": "#0"},
				"east": {"uv": [3, 6.75, 6, 14], "texture": "#0"},
				"south": {"uv": [0, 0, 0, 14], "texture": "#0"},
				"west": {"uv": [3, 6.75, 6, 14], "texture": "#0"},
				"up": {"uv": [0, 0, 0, 6.125], "texture": "#0"},
				"down": {"uv": [0, 0, 0, 6.125], "texture": "#0"}
			}
		},
		{
			"from": [4.25, 0, 11.5],
			"to": [11.25, 17, 11.5],
			"faces": {
				"north": {"uv": [3, 6.75, 6, 14], "texture": "#0"},
				"east": {"uv": [0, 0, 0, 14], "texture": "#0"},
				"south": {"uv": [3, 6.75, 6, 14], "texture": "#0"},
				"west": {"uv": [0, 0, 0, 14], "texture": "#0"},
				"up": {"uv": [0, 0, 6.125, 0], "texture": "#0"},
				"down": {"uv": [0, 0, 6.125, 0], "texture": "#0"}
			}
		},
		{
			"from": [11.25, 0, 4.5],
			"to": [11.25, 17, 11.5],
			"faces": {
				"north": {"uv": [0, 0, 0, 14], "texture": "#0"},
				"east": {"uv": [3, 6.75, 6, 14], "texture": "#0"},
				"south": {"uv": [0, 0, 0, 14], "texture": "#0"},
				"west": {"uv": [3, 6.75, 6, 14], "texture": "#0"},
				"up": {"uv": [0, 0, 0, 6.125], "texture": "#0"},
				"down": {"uv": [0, 0, 0, 6.125], "texture": "#0"}
			}
		},
		{
			"from": [4.25, 0, 4.5],
			"to": [11.25, 17, 4.5],
			"faces": {
				"north": {"uv": [3, 6.75, 6, 14], "texture": "#0"},
				"east": {"uv": [0, 0, 0, 14], "texture": "#0"},
				"south": {"uv": [3, 6.75, 6, 14], "texture": "#0"},
				"west": {"uv": [0, 0, 0, 14], "texture": "#0"},
				"up": {"uv": [0, 0, 6.125, 0], "texture": "#0"},
				"down": {"uv": [0, 0, 6.125, 0], "texture": "#0"}
			}
		}
	],
	"display": {
		"thirdperson_righthand": {
			"rotation": [-5, 0, 0],
			"translation": [0, 0.75, 0],
			"scale": [0.5, 0.5, 0.5]
		},
		"thirdperson_lefthand": {
			"rotation": [-5, 0, 0],
			"translation": [0, 1, 0],
			"scale": [0.5, 0.5, 0.5]
		},
		"firstperson_righthand": {
			"rotation": [0, -90, 25],
			"translation": [1.13, 3.2, 1.13],
			"scale": [0.68, 0.68, 0.68]
		},
		"firstperson_lefthand": {
			"rotation": [0, -90, 25],
			"translation": [1.13, 3.2, 1.13],
			"scale": [0.68, 0.68, 0.68]
		},
		"ground": {
			"translation": [0, 2, 0],
			"scale": [0.5, 0.5, 0.5]
		},
		"gui": {
			"rotation": [30, 225, 0],
			"translation": [0, 1.25, 0],
			"scale": [0.625, 0.625, 0.625]
		},
		"head": {
			"translation": [0, -1, 0.25],
			"scale": [1.5, 1.5, 1.5]
		},
		"fixed": {
			"rotation": [90, -45, 90],
			"translation": [3, -3, -0.5]
		}
	}
}