{"parent":"item/handheld_rod","textures":{"layer0":"item/fishing_rod"},"overrides":[{"predicate":{"cast":1},"model":"item/fishing_rod_cast"},{"predicate":{"custom_model_data":50001},"model":"customfishing:item/rod/beginner_rod"},{"predicate":{"cast":1,"custom_model_data":50001},"model":"customfishing:item/rod/beginner_rod_cast"},{"predicate":{"custom_model_data":50002},"model":"customfishing:item/rod/silver_rod"},{"predicate":{"cast":1,"custom_model_data":50002},"model":"customfishing:item/rod/silver_rod_cast"},{"predicate":{"custom_model_data":50003},"model":"customfishing:item/rod/golden_rod"},{"predicate":{"cast":1,"custom_model_data":50003},"model":"customfishing:item/rod/golden_rod_cast"},{"predicate":{"custom_model_data":50004},"model":"customfishing:item/rod/star_rod"},{"predicate":{"cast":1,"custom_model_data":50004},"model":"customfishing:item/rod/star_rod_cast"},{"predicate":{"custom_model_data":50005},"model":"customfishing:item/rod/bone_rod"},{"predicate":{"cast":1,"custom_model_data":50005},"model":"customfishing:item/rod/bone_rod_cast"},{"predicate":{"custom_model_data":50006},"model":"customfishing:item/rod/magical_rod"},{"predicate":{"cast":1,"custom_model_data":50006},"model":"customfishing:item/rod/magical_rod_cast"},{"predicate":{"custom_model_data":50007},"model":"customfishing:item/rod/master_rod"},{"predicate":{"cast":1,"custom_model_data":50007},"model":"customfishing:item/rod/master_rod_cast"},{"predicate":{"custom_model_data":50008},"model":"item/fishing_rod"}]}