{
    "model": {
        "type": "range_dispatch",
        "property": "custom_model_data",
        "index": 0,
        "fallback": {
            "model": "item/cod",
            "type": "model"
        },
        "entries": [
            {
                "threshold": 50000,
                "model": {
                    "model": "customfishing:item/fish/radioactive_fish",
                    "type": "model"
                }
            },
            {
                "threshold": 50001,
                "model": {
                    "model": "customfishing:item/fish/tuna_fish",
                    "type": "model"
                }
            },
            {
                "threshold": 50002,
                "model": {
                    "model": "customfishing:item/fish/tuna_fish_silver_star",
                    "type": "model"
                }
            },
            {
                "threshold": 50003,
                "model": {
                    "model": "customfishing:item/fish/tuna_fish_golden_star",
                    "type": "model"
                }
            },
            {
                "threshold": 50004,
                "model": {
                    "model": "customfishing:item/fish/pike_fish",
                    "type": "model"
                }
            },
            {
                "threshold": 50005,
                "model": {
                    "model": "customfishing:item/fish/pike_fish_silver_star",
                    "type": "model"
                }
            },
            {
                "threshold": 50006,
                "model": {
                    "model": "customfishing:item/fish/pike_fish_golden_star",
                    "type": "model"
                }
            },
            {
                "threshold": 50007,
                "model": {
                    "model": "customfishing:item/fish/gold_fish",
                    "type": "model"
                }
            },
            {
                "threshold": 50008,
                "model": {
                    "model": "customfishing:item/fish/gold_fish_silver_star",
                    "type": "model"
                }
            },
            {
                "threshold": 50009,
                "model": {
                    "model": "customfishing:item/fish/gold_fish_golden_star",
                    "type": "model"
                }
            },
            {
                "threshold": 50010,
                "model": {
                    "model": "customfishing:item/fish/perch_fish",
                    "type": "model"
                }
            },
            {
                "threshold": 50011,
                "model": {
                    "model": "customfishing:item/fish/perch_fish_silver_star",
                    "type": "model"
                }
            },
            {
                "threshold": 50012,
                "model": {
                    "model": "customfishing:item/fish/perch_fish_golden_star",
                    "type": "model"
                }
            },
            {
                "threshold": 50013,
                "model": {
                    "model": "customfishing:item/fish/mullet_fish",
                    "type": "model"
                }
            },
            {
                "threshold": 50014,
                "model": {
                    "model": "customfishing:item/fish/mullet_fish_silver_star",
                    "type": "model"
                }
            },
            {
                "threshold": 50015,
                "model": {
                    "model": "customfishing:item/fish/mullet_fish_golden_star",
                    "type": "model"
                }
            },
            {
                "threshold": 50016,
                "model": {
                    "model": "customfishing:item/fish/sardine_fish",
                    "type": "model"
                }
            },
            {
                "threshold": 50017,
                "model": {
                    "model": "customfishing:item/fish/sardine_fish_silver_star",
                    "type": "model"
                }
            },
            {
                "threshold": 50018,
                "model": {
                    "model": "customfishing:item/fish/sardine_fish_golden_star",
                    "type": "model"
                }
            },
            {
                "threshold": 50019,
                "model": {
                    "model": "customfishing:item/fish/carp_fish",
                    "type": "model"
                }
            },
            {
                "threshold": 50020,
                "model": {
                    "model": "customfishing:item/fish/carp_fish_silver_star",
                    "type": "model"
                }
            },
            {
                "threshold": 50021,
                "model": {
                    "model": "customfishing:item/fish/carp_fish_golden_star",
                    "type": "model"
                }
            },
            {
                "threshold": 50022,
                "model": {
                    "model": "customfishing:item/fish/cat_fish",
                    "type": "model"
                }
            },
            {
                "threshold": 50023,
                "model": {
                    "model": "customfishing:item/fish/cat_fish_silver_star",
                    "type": "model"
                }
            },
            {
                "threshold": 50024,
                "model": {
                    "model": "customfishing:item/fish/cat_fish_golden_star",
                    "type": "model"
                }
            },
            {
                "threshold": 50025,
                "model": {
                    "model": "customfishing:item/fish/octopus_fish",
                    "type": "model"
                }
            },
            {
                "threshold": 50026,
                "model": {
                    "model": "customfishing:item/fish/octopus_fish_silver_star",
                    "type": "model"
                }
            },
            {
                "threshold": 50027,
                "model": {
                    "model": "customfishing:item/fish/octopus_fish_golden_star",
                    "type": "model"
                }
            },
            {
                "threshold": 50028,
                "model": {
                    "model": "customfishing:item/fish/sunfish_fish",
                    "type": "model"
                }
            },
            {
                "threshold": 50029,
                "model": {
                    "model": "customfishing:item/fish/sunfish_fish_silver_star",
                    "type": "model"
                }
            },
            {
                "threshold": 50030,
                "model": {
                    "model": "customfishing:item/fish/sunfish_fish_golden_star",
                    "type": "model"
                }
            },
            {
                "threshold": 50031,
                "model": {
                    "model": "customfishing:item/fish/red_spnapper_fish",
                    "type": "model"
                }
            },
            {
                "threshold": 50032,
                "model": {
                    "model": "customfishing:item/fish/red_spnapper_silver_star",
                    "type": "model"
                }
            },
            {
                "threshold": 50033,
                "model": {
                    "model": "customfishing:item/fish/red_spnapper_fish_golden_star",
                    "type": "model"
                }
            },
            {
                "threshold": 50034,
                "model": {
                    "model": "customfishing:item/fish/salmon_void_fish",
                    "type": "model"
                }
            },
            {
                "threshold": 50035,
                "model": {
                    "model": "customfishing:item/fish/salmon_void_silver_star",
                    "type": "model"
                }
            },
            {
                "threshold": 50036,
                "model": {
                    "model": "customfishing:item/fish/salmon_void_fish_golden_star",
                    "type": "model"
                }
            },
            {
                "threshold": 50037,
                "model": {
                    "model": "customfishing:item/fish/woodskip_fish",
                    "type": "model"
                }
            },
            {
                "threshold": 50038,
                "model": {
                    "model": "customfishing:item/fish/woodskip_silver_star",
                    "type": "model"
                }
            },
            {
                "threshold": 50039,
                "model": {
                    "model": "customfishing:item/fish/woodskip_fish_golden_star",
                    "type": "model"
                }
            },
            {
                "threshold": 50040,
                "model": {
                    "model": "customfishing:item/fish/sturgeon_fish",
                    "type": "model"
                }
            },
            {
                "threshold": 50041,
                "model": {
                    "model": "customfishing:item/fish/sturgeon_silver_star",
                    "type": "model"
                }
            },
            {
                "threshold": 50042,
                "model": {
                    "model": "customfishing:item/fish/sturgeon_fish_golden_star",
                    "type": "model"
                }
            },
            {
                "threshold": 50043,
                "model": {
                    "model": "customfishing:item/fish/blue_jellyfish",
                    "type": "model"
                }
            },
            {
                "threshold": 50044,
                "model": {
                    "model": "customfishing:item/fish/blue_jellyfish_silver_star",
                    "type": "model"
                }
            },
            {
                "threshold": 50045,
                "model": {
                    "model": "customfishing:item/fish/blue_jellyfish_golden_star",
                    "type": "model"
                }
            },
            {
                "threshold": 50046,
                "model": {
                    "model": "customfishing:item/fish/pink_jellyfish",
                    "type": "model"
                }
            },
            {
                "threshold": 50047,
                "model": {
                    "model": "customfishing:item/fish/pink_jellyfish_silver_star",
                    "type": "model"
                }
            },
            {
                "threshold": 50048,
                "model": {
                    "model": "customfishing:item/fish/pink_jellyfish_golden_star",
                    "type": "model"
                }
            },
            {
                "threshold": 50100,
                "model": {
                    "model": "customfishing:item/fish/rainbow_fish",
                    "type": "model"
                }
            }
        ]
    }
}