{
    "model": {
        "type": "range_dispatch",
        "property": "custom_model_data",
        "index": 0,
        "fallback": {
            "type": "model",
            "model": "item/paper"
        },
        "entries": [
            {
                "threshold": 49998,
                "model": {
                    "type": "model",
                    "model": "customfishing:item/util/splash_water"
                }
            },
            {
                "threshold": 49999,
                "model": {
                    "type": "model",
                    "model": "customfishing:item/util/splash_lava"
                }
            },
            {
                "threshold": 50000,
                "model": {
                    "type": "model",
                    "model": "customfishing:item/util/fishfinder"
                }
            },
            {
                "threshold": 50001,
                "model": {
                    "type": "model",
                    "model": "customfishing:item/bait/simple_bait"
                }
            },
            {
                "threshold": 50002,
                "model": {
                    "type": "model",
                    "model": "customfishing:item/bait/magnetic_bait"
                }
            },
            {
                "threshold": 50003,
                "model": {
                    "type": "model",
                    "model": "customfishing:item/bait/wild_bait"
                }
            }
        ]
    }
}